departure_iata,destination_iata
AAL,CPH
AAL,AMS
AAR,CPH
AAR,STN
ABJ,NBO
ABJ,CDG
ABQ,DFW
ABQ,ATL
ABQ,ORD
ABV,LOS
ABV,FRA
ABV,IST
ABV,LHR
ABV,ADD
ABX,SYD
ABZ,BHD
ABZ,AMS
ABZ,LGW
ABZ,LHR
ABZ,DUB
ABZ,BHX
ACC,IST
ACC,BRU
ACC,ADD
ACC,AMS
ACC,BJL
ACC,LHR
ACC,LOS
ACC,DOH
ACC,FNA
ACE,DUB
ACE,TFN
ACH,VIE
ADB,ORK
ADB,ESB
ADB,SAW
ADB,IST
ADB,DUB
ADD,DAR
ADD,KGL
ADD,JNB
ADD,NBO
ADD,FIH
ADD,WDH
ADD,DXB
ADD,EBB
ADD,FCO
ADD,MAN
ADD,LLW
ADD,BGF
ADD,FNA
ADD,BLZ
ADD,NDJ
ADD,AMH
ADD,CDG
ADD,DOH
ADD,LHR
ADD,BRU
ADD,CAI
ADD,PEK
ADD,AWA
ADD,JUB
ADD,BKK
ADD,ARN
ADD,LUN
ADD,NLA
ADD,GGR
ADD,MBA
ADD,MGQ
ADD,FRA
ADD,TNR
ADD,IST
ADD,HRE
ADD,BJM
ADL,PLO
ADL,DXB
ADL,DOH
ADL,MEL
ADL,SYD
AEP,GRU
AES,AMS
AEY,RKV
AGA,ZRH
AGA,CMN
AGA,DUB
AGP,SNN
AGP,DUS
AGP,LIS
AGP,FRA
AGP,VNO
AGP,FCO
AGP,BRU
AGP,BCN
AGP,MAD
AGP,BGY
AGP,CGN
AGP,BFS
AGP,ZRH
AGP,DUB
AGP,BLQ
AGP,NOC
AGP,ORK
AGP,VIE
AHO,BGY
AHO,DUB
AHO,ORK
AJA,NTE
AJA,ORY
AJU,REC
AKL,SFO
AKL,PMR
AKL,NSN
AKL,MEL
AKL,KUL
AKL,LAX
AKL,SZX
AKL,CHC
AKL,PVG
AKL,SYD
AKL,DUD
AKL,DXB
AKL,ZQN
AKL,SIN
AKL,DOH
AKL,WLG
ALA,DOH
ALA,NQZ
ALA,IST
ALA,DEL
ALA,DYU
ALA,FRU
ALC,SNN
ALC,SVQ
ALC,WRO
ALC,DUB
ALC,NOC
ALC,ORK
ALC,KIR
ALF,OSL
ALG,DUB
ALG,BSK
ALG,FRA
ALG,CDG
AMD,DXB
AMD,BOM
AMD,DOH
AMD,DEL
AMM,DXB
AMM,BEY
AMM,SAW
AMM,IST
AMM,LCA
AMM,DOH
AMM,BUD
AMM,FCO
AMM,ZRH
AMM,LHR
AMM,FRA
AMS,WAW
AMS,HAJ
AMS,SIN
AMS,LCY
AMS,POZ
AMS,NBO
AMS,GDN
AMS,GOT
AMS,MUC
AMS,GVA
AMS,KEF
AMS,SLC
AMS,VCE
AMS,BOG
AMS,EZE
AMS,DUS
AMS,LYS
AMS,KUL
AMS,PRG
AMS,BSL
AMS,DAR
AMS,GRU
AMS,SVQ
AMS,MST
AMS,CUR
AMS,KRS
AMS,LOS
AMS,GIG
AMS,TLL
AMS,MEX
AMS,WRO
AMS,CWL
AMS,VLC
AMS,MAD
AMS,CMN
AMS,PTY
AMS,MAN
AMS,ATL
AMS,HKG
AMS,OTP
AMS,SVG
AMS,NAP
AMS,ATH
AMS,FRA
AMS,RNS
AMS,BRI
AMS,PEK
AMS,MLA
AMS,ZAG
AMS,KRK
AMS,BRE
AMS,IAH
AMS,LJU
AMS,LGW
AMS,BGO
AMS,BOM
AMS,CTG
AMS,EDI
AMS,PLQ
AMS,TLV
AMS,DEL
AMS,RUH
AMS,YYC
AMS,BER
AMS,RIX
AMS,VIE
AMS,SJO
AMS,TPE
AMS,SPU
AMS,FLR
AMS,MPL
AMS,FCO
AMS,LUX
AMS,PHL
AMS,SXM
AMS,ICN
AMS,YYZ
AMS,NTE
AMS,OSL
AMS,BOD
AMS,LPI
AMS,BEG
AMS,ORK
AMS,YVR
AMS,BLL
AMS,CPH
AMS,EBB
AMS,BLR
AMS,PSA
AMS,ZYR
AMS,JRO
AMS,MRS
AMS,ZRH
AMS,LAX
AMS,BHD
AMS,SKG
AMS,YUL
AMS,NWI
AMS,PKX
AMS,CDG
AMS,SAW
AMS,BOS
AMS,DTW
AMS,ARN
AMS,NUE
AMS,SCL
AMS,BIO
AMS,LHR
AMS,IST
AMS,LBA
AMS,LIM
AMS,VNO
AMS,LIS
AMS,TLS
AMS,CTA
AMS,BLQ
AMS,HAM
AMS,SEA
AMS,RVN
AMS,CPT
AMS,BRU
AMS,STR
AMS,HEL
AMS,DUB
AMS,BCN
AMS,PVG
AMS,MSP
AMS,TRN
AMS,KIX
AMS,GOA
AMS,TRD
AMS,SOF
AMS,IAD
AMS,AUA
AMS,BRS
AMS,MNL
AMS,OPO
AMS,NRT
AMS,NCL
AMS,BKK
AMS,TBS
AMS,EIN
AMS,SAN
AMS,NCE
AMS,BUD
AMS,LTN
AMS,CAN
AMS,CAG
AMS,LIN
AMS,JNB
ANC,SEA
ANC,LAX
ANC,MSP
AOI,MUC
AOI,STN
AOI,CRL
ARK,DAR
ARN,DUS
ARN,WAW
ARN,TLL
ARN,VBY
ARN,VIE
ARN,JFK
ARN,MMX
ARN,KLR
ARN,CDG
ARN,GDN
ARN,OSD
ARN,MUC
ARN,VHM
ARN,MAD
ARN,WRO
ARN,UME
ARN,BLL
ARN,TKU
ARN,FRA
ARN,HEL
ARN,BGO
ARN,GOT
ARN,CPH
ARN,DXB
ARN,LLA
ARN,BRU
ARN,LHR
ARN,OSL
ARN,DUB
ARN,YYZ
ARN,BER
ASB,DXB
ASM,IST
ASR,SAW
ASU,MAD
ASW,CAI
ATH,RHO
ATH,BRU
ATH,MUC
ATH,ZRH
ATH,CDG
ATH,DOH
ATH,MXP
ATH,CAI
ATH,JTR
ATH,CHQ
ATH,NAP
ATH,LCA
ATH,MLA
ATH,DUB
ATH,EWR
ATH,BRS
ATH,MJT
ATH,HER
ATH,SKG
ATH,FRA
ATH,AXD
ATH,CFU
ATH,BER
ATH,MAD
ATH,LGW
ATH,HEL
ATH,KRK
ATH,STN
ATH,IST
ATH,LHR
ATH,BLQ
ATH,DXB
ATH,CTA
ATH,OTP
ATH,FCO
ATH,CRL
ATH,LIS
ATH,BCN
ATL,SAV
ATL,TYS
ATL,TPA
ATL,JFK
ATL,SAN
ATL,CDG
ATL,PBI
ATL,KIN
ATL,MGM
ATL,MSY
ATL,PDX
ATL,EYW
ATL,SBN
ATL,MEM
ATL,ORD
ATL,CUN
ATL,BOS
ATL,DHN
ATL,SCL
ATL,LAX
ATL,HSV
ATL,SJC
ATL,STL
ATL,MOB
ATL,SFO
ATL,MIA
ATL,GPT
ATL,BWI
ATL,DUB
ATL,LEX
ATL,LHR
ATL,AUS
ATL,YUL
ATL,CMH
ATL,LIT
ATL,PHL
ATL,LFT
ATL,CPH
ATL,MEX
ATL,PHX
ATL,MSP
ATL,MCO
ATL,GNV
ATL,TLH
ATL,RDU
ATL,JAX
AUH,MNL
AUH,CCU
AUH,HYD
AUH,KIX
AUH,LHR
AUH,TPE
AUH,BAH
AUH,DAC
AUH,KTI
AUH,MAA
AUH,ICN
AUH,JNB
AUH,KUL
AUH,MEL
AUH,BRU
AUH,SIN
AUH,CGK
AUH,KHI
AUH,BOM
AUH,NRT
AUH,XNB
AUH,ISB
AUH,DOH
AUH,LHE
AUH,TLV
AUH,DEL
AUH,RUH
AUH,COK
AUH,MCT
AUH,BLR
AUH,HKT
AUH,BEY
AUH,CMB
AUH,NBO
AUH,PKX
AUH,BKK
AUH,SYD
AUH,CDG
AUH,PVG
AUH,DUB
AUH,LIS
AUH,YYZ
AUS,EWR
AUS,JFK
AUS,RDU
AUS,DFW
AUS,MSP
AUS,IAD
AUS,LBB
AUS,ORD
AUS,LHR
AUS,HOU
AYT,FRA
AYT,IST
AYT,ESB
AYT,LGW
AYT,DUB
AZO,DTW
AZO,ORD
BAH,DXB
BAH,NBO
BBI,DEL
BBU,BUD
BCN,MAN
BCN,LPL
BCN,LEI
BCN,TIA
BCN,WAW
BCN,MUC
BCN,LCG
BCN,ORK
BCN,BRI
BCN,DOH
BCN,VIE
BCN,LGW
BCN,PMO
BCN,CAG
BCN,PRG
BCN,FLR
BCN,CDG
BCN,GRX
BCN,BIO
BCN,BEG
BCN,HAM
BCN,GVA
BCN,LYS
BCN,SOF
BCN,EDI
BCN,BGY
BCN,BLQ
BCN,ORD
BCN,FRA
BCN,BRS
BCN,VGO
BCN,LPA
BCN,STN
BCN,EAS
BCN,OPO
BCN,TRN
BCN,MXP
BCN,BRU
BCN,CPH
BCN,LIN
BCN,LHR
BCN,LIS
BCN,DUB
BCN,BOG
BCN,NTE
BCN,NCE
BCN,BOS
BCN,RAK
BCN,ORY
BCN,FCO
BCN,IST
BCN,SCQ
BCN,SVQ
BDA,LHR
BDL,DUB
BDQ,DEL
BDS,DUB
BDS,BGY
BDS,LHR
BDS,FCO
BEB,GLA
BEG,LJU
BEG,TGD
BEG,MUC
BEG,CPH
BEG,MXP
BEG,CDG
BEG,ZAG
BEG,ZRH
BEG,FRA
BEG,IST
BEG,LIS
BEG,BER
BEG,LHR
BEL,CAY
BEL,GRU
BEL,GIG
BEL,PBM
BEL,BOG
BEL,LIS
BEL,REC
BER,LCY
BER,VIE
BER,MAN
BER,HEL
BER,ZAD
BER,CDG
BER,OPO
BER,LHR
BER,RIX
BER,SKG
BER,OSL
BER,CPH
BER,LIS
BER,BHX
BER,ZRH
BER,GRZ
BER,BUD
BER,WAW
BER,PSA
BER,EDI
BER,FRA
BER,BRU
BER,BRS
BER,DOH
BER,DUB
BER,ORK
BES,DUB
BES,KIR
BES,CDG
BEY,LHR
BEY,DXB
BEY,DOH
BEY,CAI
BEY,IST
BEY,FRA
BEY,CDG
BEY,SAW
BFN,JNB
BFS,LGW
BFS,CDG
BFS,OPO
BFS,EDI
BFS,KRK
BFS,NCL
BFS,LCA
BFS,PFO
BFS,LPL
BFS,PMI
BFS,BHX
BFS,STN
BFS,BRS
BFS,MAN
BFS,GLA
BFS,LTN
BGI,SVD
BGI,MAN
BGI,GND
BGI,JFK
BGI,LHR
BGN,DUB
BGO,CPH
BGO,DUB
BGO,EDI
BGO,OSL
BGO,CDG
BGO,BOO
BGO,TOS
BGO,TRD
BGY,CLJ
BGY,CAG
BGY,WAW
BGY,ORK
BGY,BUD
BGY,STN
BGY,CTA
BGY,PRG
BGY,SDR
BGY,VNO
BGY,BRI
BGY,CRL
BGY,NCL
BGY,DUB
BGY,MLA
BGY,SVG
BGY,NOC
BGY,SUF
BGY,CPH
BHD,GLA
BHD,LHR
BHD,CWL
BHD,BHX
BHD,SOU
BHD,LCY
BHD,LBA
BHD,EDI
BHD,MAN
BHD,LGW
BHM,LGA
BHX,FRA
BHX,DUB
BHX,DXB
BHX,ORK
BHX,DUE
BHX,SNN
BHX,NOC
BHX,CHQ
BHX,KLX
BHX,KRK
BHX,HER
BIA,LYS
BIO,CDG
BIO,VIE
BIO,VCE
BIO,IST
BIO,LHR
BIO,PMI
BIO,ORK
BIO,ORY
BIO,FRA
BIO,PRG
BIO,MAD
BIO,MUC
BIO,OPO
BIO,LGW
BIO,DUB
BIO,SVQ
BIQ,DUB
BIQ,CDG
BJM,KGL
BJV,DUB
BJV,STN
BJZ,MAD
BKK,LPQ
BKK,DOH
BKK,KUL
BKK,PEN
BKK,DXB
BKK,OSL
BKK,RGN
BKK,PNH
BKK,CPH
BKK,NRT
BKK,HDY
BKK,CDG
BKK,SIN
BKK,SGN
BKK,NBO
BKK,MEL
BKK,CNX
BKK,MUC
BKK,HND
BKK,MNL
BKK,ZRH
BKK,PER
BKK,HAK
BKK,CMB
BKK,LHR
BKK,SAI
BKK,VTE
BKK,IST
BKK,DEL
BKK,ISB
BKK,KTI
BKK,CCU
BKO,IST
BLJ,MIA
BLL,IST
BLL,LHR
BLL,CDG
BLL,FRA
BLL,CPH
BLL,STN
BLQ,CDG
BLQ,FRA
BLQ,MUC
BLQ,DXB
BLQ,LIS
BLQ,ZRH
BLQ,STN
BLQ,LTN
BLQ,DUB
BLQ,WRO
BLQ,CPH
BLQ,LHR
BLQ,MAN
BLQ,OTP
BLQ,FCO
BLR,MUC
BLR,MAA
BLR,PNQ
BLR,LHR
BLR,DXB
BLR,FRA
BLR,COK
BLR,CDG
BLR,DEL
BLR,DOH
BLR,HKG
BLR,HYD
BLR,BOM
BLZ,JNB
BLZ,LLW
BNA,ORD
BNA,LHR
BNA,IAD
BNA,DUB
BNA,CLT
BNA,LAX
BNA,PHL
BNA,BOS
BNA,JFK
BNE,WLG
BNE,DPS
BNE,DOH
BNE,HKG
BNE,SIN
BNE,DXB
BNE,ZQN
BNE,MEL
BNK,MEL
BOD,CDG
BOD,LGW
BOD,MAD
BOD,DUB
BOD,ORK
BOG,MAD
BOG,UIO
BOG,MEX
BOG,MDE
BOG,SMR
BOG,CDG
BOG,GYE
BOG,MIA
BOG,PTY
BOG,SJO
BOJ,DUB
BOM,IST
BOM,DEL
BOM,FRA
BOM,JAI
BOM,MUC
BOM,CAI
BOM,LHR
BOM,CMB
BOM,CCU
BOM,DOH
BOM,CDG
BOM,HYD
BOM,DXB
BOO,CPH
BOO,OSL
BOS,JFK
BOS,MEX
BOS,MCO
BOS,BWI
BOS,LHR
BOS,CLT
BOS,SEA
BOS,SAN
BOS,BUF
BOS,DTW
BOS,RDU
BOS,YYZ
BOS,RIC
BOS,LGA
BOS,MIA
BOS,FLL
BOS,ORF
BOS,CDG
BOS,SNN
BOS,LAX
BOS,PIT
BOS,DCA
BOS,TPA
BOS,PDX
BOS,SFO
BOS,EWR
BOS,CMH
BOS,ORD
BOS,LGW
BOS,IAD
BOS,CHS
BOS,DUB
BOS,PHL
BOS,MSY
BRC,GRU
BRE,STN
BRE,MUC
BRI,FCO
BRI,CDG
BRI,ZRH
BRI,MXP
BRI,DUB
BRQ,STN
BRS,DUB
BRS,NCE
BRS,TOS
BRS,PSA
BRS,ORK
BRS,LCA
BRS,PFO
BRS,EDI
BRS,OPO
BRS,NOC
BRS,PRG
BRS,LIS
BRS,CDG
BRU,OPO
BRU,DOH
BRU,PRG
BRU,NBO
BRU,LHR
BRU,WAW
BRU,MAD
BRU,NAP
BRU,MAN
BRU,FRA
BRU,EWR
BRU,FCO
BRU,JFK
BRU,ORK
BRU,IAD
BRU,RIX
BRU,OSL
BRU,TLL
BRU,HKG
BRU,HAM
BRU,BUD
BRU,VCE
BRU,GVA
BRU,LYS
BRU,LJU
BRU,GOT
BRU,FNA
BRU,ROB
BRU,NSI
BRU,PRN
BRU,CPH
BRU,LIS
BRU,VIE
BRU,SVQ
BRU,ZRH
BRU,DXB
BRU,TLS
BRU,LIN
BRU,DUB
BRU,IST
BRU,VLC
BRU,MUC
BRU,OTP
BRU,HEL
BRU,KRK
BSB,GIG
BSB,LIS
BSB,GRU
BSB,CGH
BSB,PMW
BSL,SCQ
BSL,BUD
BSL,MUC
BSL,LHR
BSL,LTN
BSL,CDG
BSL,DUB
BSL,FRA
BSZ,IST
BTH,CGK
BTS,DUB
BTV,PHL
BUD,PVG
BUD,WAW
BUD,STN
BUD,DUB
BUD,SNN
BUD,STR
BUD,KTW
BUD,FMM
BUD,VIE
BUD,CDG
BUD,CPH
BUD,FRA
BUD,MUC
BUD,LIS
BUD,LHR
BUF,JFK
BUQ,JNB
BVA,GRO
BVA,VNO
BVA,CAG
BVA,DUB
BVA,ORK
BVA,VIE
BVA,MLA
BVA,PSA
BVA,CTA
BVA,CLJ
BWI,KEF
BWI,ORD
BWI,LAS
BZE,MIA
BZG,STN
BZG,DUB
BZG,WAW
BZG,FRA
BZN,ORD
BZN,SEA
BZO,LGW
BZR,SNN
CAG,CTA
CAG,GVA
CAG,LIN
CAG,LGW
CAG,NAP
CAG,FCO
CAG,DUB
CAG,PMI
CAG,ZRH
CAG,CRL
CAI,FRA
CAI,IST
CAI,DOH
CAI,CDG
CAI,DEL
CAI,LHR
CAI,MUC
CAI,PVG
CAI,ORY
CAI,DUB
CAI,WAW
CAN,SIN
CAN,PKX
CAN,SHA
CAN,PEK
CAN,DOH
CAN,NKG
CAN,LHE
CAN,ISB
CAN,FOC
CAN,IST
CAN,DXB
CAN,XIY
CAN,CDG
CAN,HKT
CAN,CTU
CAN,WUH
CAY,CDG
CBB,LPB
CBR,MEL
CBR,SYD
CCF,DUB
CCF,STN
CCU,DOH
CCU,DEL
CCU,SIN
CCU,KUL
CCU,DXB
CDG,PHX
CDG,SFO
CDG,MXP
CDG,STR
CDG,MAN
CDG,IST
CDG,LIS
CDG,PHL
CDG,LUX
CDG,EDI
CDG,RUN
CDG,TUN
CDG,YUL
CDG,HAM
CDG,LOS
CDG,SKG
CDG,GOT
CDG,LCA
CDG,FRA
CDG,LJU
CDG,NTE
CDG,TRN
CDG,VNO
CDG,VIE
CDG,RBA
CDG,SCQ
CDG,SSA
CDG,TBS
CDG,NCL
CDG,DSS
CDG,MAD
CDG,TLL
CDG,RAK
CDG,MRS
CDG,VCE
CDG,SCL
CDG,YOW
CDG,DTW
CDG,ICN
CDG,NCE
CDG,WAW
CDG,OTP
CDG,HKG
CDG,GRU
CDG,PTY
CDG,FAE
CDG,EVN
CDG,TLS
CDG,NSI
CDG,CUN
CDG,DUB
CDG,ORK
CDG,PDL
CDG,CFE
CDG,DLA
CDG,CPH
CDG,KIX
CDG,NUE
CDG,EZE
CDG,XWG
CDG,FOR
CDG,LTN
CDG,HND
CDG,MUC
CDG,OSL
CDG,CMN
CDG,VLC
CDG,SIN
CDG,LIN
CDG,DEL
CDG,OPO
CDG,PVG
CDG,NBO
CDG,HER
CDG,SNN
CDG,LHR
CDG,FCO
CDG,MRU
CDG,PRG
CDG,MNL
CDG,HEL
CDG,PEK
CDG,MEX
CDG,JNB
CDG,HAN
CDG,ZRH
CDG,GIG
CDG,SJO
CDG,FDF
CDG,TLV
CDG,GVA
CDG,FLR
CDG,DUS
CDG,SGN
CDG,YYC
CDG,RDU
CDG,LYS
CDG,NAP
CDG,MPL
CDG,JFK
CDG,DXB
CDG,ZYR
CDO,DUB
CDT,STN
CEB,DXB
CFN,DUB
CFR,NCE
CFU,OTP
CFU,SNN
CFU,DUB
CGH,SDU
CGH,MOC
CGK,DXB
CGK,SRG
CGK,DOH
CGK,DPS
CGK,PKU
CGK,SUB
CGK,PDG
CGK,HAN
CGK,IST
CGK,KUL
CGK,SIN
CGK,YIA
CGN,LHR
CGN,PRG
CGN,NOC
CGN,DUB
CGN,LIS
CGN,STN
CGN,MUC
CGN,VIE
CGN,MAN
CGO,LGW
CGO,PEK
CGO,NRT
CGO,PVG
CGO,CKG
CGO,ICN
CGO,HEL
CGO,HKG
CGO,FOC
CGQ,WUH
CGR,GRU
CHC,NSN
CHC,DUD
CHC,SIN
CHC,SYD
CHC,IVC
CHC,DXB
CHO,IAD
CHQ,MUC
CHQ,FRA
CHQ,HEL
CHQ,DUB
CHQ,LGW
CHQ,OTP
CHQ,DUS
CHQ,PSA
CHQ,LHR
CHS,EWR
CHS,JFK
CHS,DFW
CIA,ORK
CIA,STN
CID,ORD
CJA,LIM
CJU,PEK
CKG,MAD
CKG,DOH
CKG,HAK
CLE,DUB
CLE,ORD
CLE,IAD
CLE,EWR
CLJ,DUB
CLJ,MUC
CLJ,ZRH
CLL,DFW
CLO,MEX
CLT,FLL
CLT,LEX
CLT,MOB
CLT,SAT
CLT,MSY
CLT,DUB
CLT,JFK
CLT,LHR
CLT,SDF
CLT,MCO
CLT,MCI
CLT,DAY
CLT,PHX
CLT,MEM
CLT,CVG
CLT,STL
CLT,GPT
CLT,SAV
CLT,TPA
CLT,SAN
CLT,SFO
CLT,MDT
CLT,RDU
CLT,SBN
CMB,DOH
CMB,DXB
CMB,SIN
CMB,DEL
CMB,LHR
CMB,IST
CMH,PHL
CMH,ORD
CMH,EWR
CMI,ORD
CMN,MAD
CMN,LOS
CMN,FRA
CMN,DSS
CMN,DOH
CMN,SVQ
CNF,LIS
CNF,VIX
CNS,SIN
COK,DXB
COK,DEL
COK,PNQ
COK,DOH
COV,DUS
COV,IST
CPH,SFO
CPH,KEF
CPH,SGD
CPH,LIN
CPH,LCA
CPH,YUL
CPH,TLL
CPH,MAN
CPH,OTP
CPH,DXB
CPH,FLR
CPH,OSL
CPH,HAJ
CPH,KRS
CPH,LGW
CPH,GDN
CPH,EDI
CPH,PLQ
CPH,STN
CPH,WAW
CPH,LHR
CPH,VNO
CPH,GOT
CPH,TRD
CPH,HEL
CPH,SVG
CPH,SAW
CPH,FAE
CPH,HAM
CPH,GOH
CPH,GVA
CPH,DUB
CPH,POZ
CPH,ZRH
CPH,MUC
CPH,FRA
CPH,PRG
CPH,FCO
CPT,DOH
CPT,DXB
CPT,IST
CPT,DUR
CPT,LHR
CPT,ZRH
CPT,JNB
CPT,SZK
CPT,GRJ
CPT,FRA
CPT,PLZ
CRK,DXB
CRL,EDI
CRL,PSA
CRL,TIA
CRL,DUB
CRL,CTA
CRL,SKG
CRL,TRN
CRL,WMI
CRL,MAN
CRL,OTP
CRL,KRK
CRL,ORK
CRL,WAW
CRL,GRO
CRL,ZAG
CRL,OPO
CSX,LHR
CSX,PVG
CSX,ICN
CTA,JFK
CTA,DUS
CTA,DUB
CTA,STN
CTA,ZRH
CTA,FCO
CTA,TRN
CTA,MUC
CTA,MLA
CTA,LTN
CTS,HKG
CTS,HND
CTU,PEK
CTU,PKX
CUN,LGW
CUN,IST
CUN,YYZ
CUN,ORD
CUN,PHL
CUN,IAD
CUN,EWR
CUZ,LIM
CVG,MSP
CVG,ORD
CVG,PHL
CVG,LHR
CWB,GIG
CWB,GRU
CWL,DUB
CXB,DAC
DAC,DOH
DAC,DXB
DAD,HKG
DAD,HAN
DAR,IST
DAR,DOD
DAR,KGL
DAR,JNB
DAR,DXB
DAR,LLW
DAR,NBO
DAR,DOH
DAR,EBB
DBV,FRA
DBV,DUB
DBV,ORK
DBV,LGW
DBV,FCO
DBV,MAN
DCA,DFW
DCA,LEX
DCA,JFK
DCA,EWR
DCA,SYR
DCA,YOW
DCA,YYZ
DEL,HKG
DEL,KUL
DEL,EWR
DEL,DXB
DEL,HEL
DEL,MAA
DEL,PNQ
DEL,JAI
DEL,VGA
DEL,DOH
DEL,IST
DEL,HYD
DEL,KTM
DEL,LHR
DEL,ZRH
DEL,FRA
DEL,MUC
DEN,MSY
DEN,FCO
DEN,SEA
DEN,FRA
DEN,ORD
DEN,SAT
DEN,PHX
DEN,KOA
DEN,LAR
DEN,SLC
DEN,LHR
DEN,KEF
DEN,DUB
DEN,EWR
DFW,HNL
DFW,SAN
DFW,MTY
DFW,ONT
DFW,TUS
DFW,LAS
DFW,SYD
DFW,MLU
DFW,SAT
DFW,STL
DFW,MTJ
DFW,HEL
DFW,PHL
DFW,RDU
DFW,GPT
DFW,MCI
DFW,SLC
DFW,SFO
DFW,MAF
DFW,EWR
DFW,PSP
DFW,GDL
DFW,SAF
DFW,RAP
DFW,MEX
DFW,IAH
DFW,FRA
DFW,LHR
DFW,DUB
DFW,ORD
DFW,ELP
DIL,DPS
DLC,PEK
DLM,IST
DMM,RUH
DOH,PVG
DOH,MGQ
DOH,SYD
DOH,MAN
DOH,EDI
DOH,PER
DOH,FIH
DOH,MUC
DOH,LHE
DOH,HND
DOH,HKG
DOH,IKA
DOH,PKX
DOH,LUN
DOH,NRT
DOH,LOS
DOH,MNL
DOH,HEL
DOH,LHR
DOH,LIS
DOH,ISB
DOH,TFU
DOH,JNB
DOH,SIN
DOH,SGN
DOH,HYD
DOH,MAA
DOH,KTM
DOH,HRE
DOH,KIX
DOH,DUR
DOH,KGL
DOH,MEL
DOH,JRO
DOH,NBO
DOH,KUL
DOH,PHC
DOH,ICN
DOH,GVA
DOH,MPM
DOH,MAD
DOH,DXB
DOH,HAN
DOH,IST
DOH,RUH
DOH,KWI
DOH,EBB
DOH,DUB
DOH,DUS
DOH,MCT
DOH,KHI
DOH,HKT
DPS,SIN
DPS,DXB
DPS,HKG
DRS,FRA
DRS,MUC
DRW,SIN
DSS,LYS
DSS,IST
DSS,MAD
DSS,LIS
DTW,DUB
DTW,EWR
DTW,MSP
DTW,KEF
DTW,PHL
DTW,JFK
DUB,DXB
DUB,OPO
DUB,EMA
DUB,NQY
DUB,LGW
DUB,FNC
DUB,PGF
DUB,VCE
DUB,TOS
DUB,MLA
DUB,MCO
DUB,IAD
DUB,FCO
DUB,FAO
DUB,VIE
DUB,EDI
DUB,TFS
DUB,EIN
DUB,LYS
DUB,PSA
DUB,LUX
DUB,VNO
DUB,SPU
DUB,JER
DUB,RMO
DUB,EXT
DUB,YHZ
DUB,SDR
DUB,YYZ
DUB,TLL
DUB,MAN
DUB,HHN
DUB,LTN
DUB,ORD
DUB,GVA
DUB,NAP
DUB,LHR
DUB,LPL
DUB,HER
DUB,GCI
DUB,MXP
DUB,REU
DUB,IST
DUB,ORY
DUB,GRO
DUB,MUC
DUB,LCY
DUB,NTE
DUB,IBZ
DUB,RIX
DUB,YYC
DUB,IOM
DUB,PMO
DUB,STN
DUB,VLC
DUB,SMP
DUB,KIR
DUB,YYT
DUB,VRN
DUB,RBA
DUB,YVR
DUB,PMI
DUB,LCA
DUB,JFK
DUB,LBA
DUB,TRS
DUB,IND
DUB,GLA
DUB,LPA
DUB,FNI
DUB,SFO
DUB,RMU
DUB,WMI
DUB,TLS
DUB,POZ
DUB,PRG
DUB,HAM
DUB,SZZ
DUB,HEL
DUB,PLQ
DUB,JTR
DUB,KUN
DUB,FRA
DUB,ZAG
DUB,FMM
DUB,MRS
DUB,YUL
DUB,SKG
DUB,IAS
DUB,SVQ
DUB,KSC
DUB,LUZ
DUB,DUS
DUB,PEK
DUB,MIA
DUB,LIS
DUB,MAD
DUB,RHO
DUB,NBO
DUB,STR
DUB,LAX
DUB,ZRH
DUB,GDN
DUB,KTW
DUB,LCJ
DUB,RAK
DUB,RNS
DUB,RVN
DUB,TRN
DUB,MSP
DUB,SOF
DUB,WRO
DUB,NCL
DUB,OTP
DUB,SEA
DUB,LIN
DUB,ZAD
DUB,PFO
DUB,FUE
DUB,LRH
DUB,KRK
DUB,SOU
DUB,SAW
DUB,EWR
DUB,RZE
DUB,PHL
DUB,NCE
DUB,SCQ
DUB,LAS
DUB,OSL
DUB,KEF
DUD,WLG
DUD,KIR
DUR,DXB
DUR,JNB
DUS,GDN
DUS,GRZ
DUS,SZG
DUS,MUC
DUS,VIE
DUS,ZRH
DUS,LHR
DUS,PRG
DUS,LIN
DUS,FRA
DUS,IST
DUS,LIS
DUS,MAD
DUS,WAW
DUS,EDI
DUS,OSL
DUS,HAM
DUS,GOT
DXB,HND
DXB,HKG
DXB,ICN
DXB,IST
DXB,MRU
DXB,SGN
DXB,KUL
DXB,PBH
DXB,LGW
DXB,MAA
DXB,IKA
DXB,TPE
DXB,HRE
DXB,NBO
DXB,LHR
DXB,EBB
DXB,KTM
DXB,HYD
DXB,NBJ
DXB,ISB
DXB,PEW
DXB,LOS
DXB,HAN
DXB,PER
DXB,SEA
DXB,PEK
DXB,PVG
DXB,LUN
DXB,ESB
DXB,MNL
DXB,JNB
DXB,JED
DXB,SIN
DXB,KGL
DXB,MEL
DXB,TLV
DXB,SYD
DXB,NRT
DXB,KHI
DXB,MUC
DXB,KIX
DXB,SEZ
DXB,MAN
DXB,LYP
DXB,MCT
DYG,PVG
DYU,IST
EAS,MAD
EBB,IST
EBB,NBO
EBB,KGL
EBL,IST
EDI,PFO
EDI,ORK
EDI,LHR
EDI,FAE
EDI,HEL
EDI,LCY
EDI,FRA
EDI,LGW
EDI,NOC
EDI,SNN
EDI,LDY
EDI,PEK
EDI,OTP
EDL,NBO
EFL,STN
EGS,RKV
EIN,GRO
EIN,OPO
EIN,GDN
EIN,WAW
EMA,NOC
ESB,SAW
ESB,IST
EUG,SEA
EVE,OSL
EVN,SAW
EVN,FRA
EVN,WAW
EWR,ORF
EWR,YYZ
EWR,VIE
EWR,YOW
EWR,EYW
EWR,PHX
EWR,LHR
EWR,TPA
EWR,SKB
EWR,YUL
EWR,YVR
EWR,FLL
EWR,IAH
EWR,YQB
EWR,SNN
EWR,GRU
EWR,SAN
EWR,ORD
EWR,STL
EWR,IND
EWR,SFO
EWR,SAP
EWR,PBI
EWR,MSP
EWR,MCO
EWR,MSY
EWR,SDF
EWR,SJO
EWR,JNB
EWR,MIA
EWR,MEX
EWR,ZRH
EZE,LHR
EZE,MAD
EZE,FRA
FAE,LGW
FAO,LIS
FAO,OPO
FAO,PDL
FAO,KIR
FAO,ORK
FAO,ORY
FAO,NOC
FAO,SNN
FAO,LGW
FCO,TIA
FCO,LHR
FCO,PMO
FCO,RIX
FCO,SUF
FCO,ZRH
FCO,PVG
FCO,SAW
FCO,SKG
FCO,IST
FCO,OPO
FCO,LGW
FCO,GOA
FCO,KRK
FCO,PEK
FCO,FRA
FCO,HND
FCO,SVQ
FCO,TRS
FCO,MLA
FCO,JFK
FCO,ORK
FCO,MAD
FCO,LCY
FCO,IAD
FCO,HKG
FCO,NAP
FIH,IST
FKB,OPO
FLL,JFK
FLL,PNS
FLN,GRU
FLR,LHR
FLR,LGW
FLR,FRA
FLR,ORY
FLR,ZRH
FLR,MUC
FMO,MUC
FNA,NBO
FNA,IST
FNC,LIS
FNC,STN
FNC,ZRH
FNC,SNN
FNC,MUC
FOC,SIN
FOC,PEK
FOC,HAN
FOC,PKX
FOC,SHA
FOC,PVG
FOC,HKG
FOC,ICN
FRA,SPU
FRA,ZAG
FRA,YYZ
FRA,YUL
FRA,QKL
FRA,SKP
FRA,ORK
FRA,WDH
FRA,SEA
FRA,PRG
FRA,TLV
FRA,SVG
FRA,ZAQ
FRA,RUH
FRA,NAP
FRA,LUX
FRA,WAW
FRA,HEL
FRA,XER
FRA,PHC
FRA,STR
FRA,KTW
FRA,MAN
FRA,NUE
FRA,SIN
FRA,OSL
FRA,XIT
FRA,HKG
FRA,LNZ
FRA,PSA
FRA,HER
FRA,MLA
FRA,GRZ
FRA,TLL
FRA,VCE
FRA,HND
FRA,LYS
FRA,RDU
FRA,NCL
FRA,TLS
FRA,GOT
FRA,TIA
FRA,LIN
FRA,SOF
FRA,MAD
FRA,SZG
FRA,YVR
FRA,GYD
FRA,JNB
FRA,ICN
FRA,POZ
FRA,NBO
FRA,MEX
FRA,LIS
FRA,IAD
FRA,VIE
FRA,PMO
FRA,HAJ
FRA,LJU
FRA,SFO
FRA,MUC
FRA,HAM
FRA,LEJ
FRA,GDN
FRA,PVG
FRA,OTP
FRA,PRN
FRA,SKG
FRA,VNO
FRA,GVA
FRA,TRS
FRA,SJO
FRA,KRK
FRA,PEK
FRA,TRN
FRA,SJJ
FRA,LHR
FRA,IST
FRA,WRO
FRA,ZRH
FRA,LCY
FRA,LCA
FRA,VRN
FRA,OPO
FRA,TUN
FRA,MBJ
FRA,MXP
FRA,RMO
FRA,MAA
FRA,LOS
FRU,IST
FUK,HKG
FUK,PVG
GBE,JNB
GCI,LGW
GDL,MEX
GDL,PTY
GDN,ORK
GDN,ZRH
GDN,HEL
GDN,MUC
GDN,HAM
GDN,STN
GDN,WAW
GEG,SEA
GIG,SLZ
GIG,JPA
GIG,LIS
GIG,NVT
GIG,GYN
GIG,GRU
GIG,VIX
GIG,REC
GIG,LHR
GIG,VCP
GLA,LTN
GLA,LHR
GLA,LGW
GLA,LDY
GLA,SYY
GLA,ORK
GLA,LCA
GMP,HND
GMP,KIX
GND,LGW
GOA,MAN
GOA,STN
GOT,LHR
GOT,MUC
GOT,MAN
GOT,STN
GRJ,JNB
GRO,SNN
GRO,ORK
GRR,ORD
GRU,MAD
GRU,SCL
GRU,MAO
GRU,MEX
GRU,NVT
GRU,IAH
GRU,OPS
GRU,JDO
GRU,LIS
GRU,VVI
GRU,JFK
GRU,SDU
GRU,MXP
GRU,VDC
GRU,MGF
GRU,LHR
GRU,REC
GRU,POA
GRU,VIX
GRU,GYN
GRU,PMW
GRX,MAD
GRZ,MUC
GRZ,ZRH
GSO,IAD
GUA,MIA
GUA,MAD
GUA,IAD
GVA,LGW
GVA,LTN
GVA,MUC
GVA,RUH
GVA,PRG
GVA,MAN
GVA,LHR
GVA,IST
GVA,ZRH
GVA,HER
GYD,IST
GZP,IST
GZT,IST
HAJ,MUC
HAJ,HER
HAJ,LHR
HAK,HKG
HAK,PEK
HAK,SIN
HAM,MAN
HAM,LHR
HAM,WAW
HAM,STR
HAM,STN
HAM,INN
HAM,OSL
HAN,SIN
HAN,IST
HAN,HKG
HAN,LHR
HAN,TPE
HAN,KUL
HAN,SGN
HAN,VCA
HAN,VTE
HAN,HUI
HBA,MEL
HBE,IST
HDS,JNB
HEL,TAY
HEL,HND
HEL,TKU
HEL,KTT
HEL,XTP
HEL,XTZ
HEL,STN
HEL,KAJ
HEL,LHR
HEL,VIE
HEL,SVL
HEL,VNO
HEL,RIX
HEL,JOE
HEL,SPU
HEL,KUO
HEL,HKG
HEL,ICN
HEL,KIX
HEL,OUL
HEL,MUC
HEL,OSL
HEL,IST
HEL,RVN
HEL,PVG
HEL,LIS
HEL,SIN
HEL,TOS
HEL,VAA
HEL,TLL
HEL,MAN
HEL,WAW
HER,ZRH
HER,LHR
HER,STR
HER,MAN
HER,LGW
HGH,PKX
HGH,PEK
HHN,KIR
HIJ,PVG
HKG,NKG
HKG,MAN
HKG,SHA
HKG,IST
HKG,WUH
HKG,PEK
HKG,TFU
HKG,TPE
HKG,KUL
HKG,PVG
HKG,PER
HKG,SIN
HKG,LHR
HKG,XIY
HKG,MEL
HKG,KHH
HKG,ICN
HKG,KIX
HKG,HKT
HKG,ZRH
HKT,PEN
HND,LHR
HND,PEK
HND,SIN
HND,SGN
HND,MUC
HND,IST
HND,OKA
HND,KIX
HND,LAX
HND,SYO
HND,IZO
HND,JFK
HND,UKB
HND,SFO
HNL,JFK
HNL,LAX
HNL,SFO
HNL,ORD
HNL,SEA
HOU,MSY
HOV,OSL
HRB,SZX
HRE,JNB
HRE,LLW
HUI,SGN
IAD,YYZ
IAD,SDF
IAD,YOW
IAD,SAT
IAD,LHR
IAD,RIC
IAD,SLC
IAD,MEX
IAD,LAX
IAD,YUL
IAD,SBN
IAD,PHL
IAD,IST
IAD,ZRH
IAD,JAX
IAD,SAN
IAD,MSY
IAD,SFO
IAD,SAV
IAD,SCE
IAD,PHX
IAD,ORF
IAH,LHR
IAH,ORD
IAH,MSP
IAH,SFO
IAH,MTY
IAS,LPL
IAS,OTP
IBZ,MAN
ICN,LAX
ICN,XDK
ICN,PUS
ICN,NRT
ICN,MNL
ICN,ZRH
ICN,PEK
ICN,XIY
ICN,IST
ICN,KIX
ICN,OKA
IIA,NNR
IKA,IST
IND,MDW
IND,ORD
IND,PHL
INN,VIE
INN,MUC
INQ,NNR
INV,LHR
IOR,NNR
ISB,IST
ISB,PEK
ISB,KHI
IST,LIS
IST,YUL
IST,MEX
IST,TBS
IST,MPM
IST,TIA
IST,VIE
IST,SKG
IST,ZNZ
IST,RUH
IST,TUN
IST,SKF
IST,KBL
IST,NRT
IST,KHI
IST,PRN
IST,MAD
IST,PTY
IST,SSH
IST,SGN
IST,JFK
IST,KTM
IST,TAS
IST,JRO
IST,KYA
IST,NDJ
IST,LHE
IST,VCE
IST,RMO
IST,LJU
IST,WAW
IST,TPE
IST,KIX
IST,NAV
IST,JNB
IST,LGW
IST,NQZ
IST,SIN
IST,MNL
IST,MUC
IST,SJJ
IST,SCO
IST,TGD
IST,PRG
IST,MGQ
IST,NBO
IST,OSL
IST,MRU
IST,UBN
IST,VKO
IST,PVG
IST,SEA
IST,SKD
IST,PEK
IST,SKP
IST,LHR
IST,VAR
ITM,MYJ
ITM,KIJ
JAI,PNQ
JED,RUH
JED,LHR
JER,LGW
JER,LHR
JFK,MEX
JFK,ROC
JFK,PBI
JFK,STL
JFK,SJU
JFK,PIT
JFK,MSY
JFK,WAW
JFK,SFO
JFK,PHX
JFK,MAD
JFK,SAV
JFK,SEA
JFK,SAP
JFK,KIN
JFK,YUL
JFK,LAX
JFK,SYR
JFK,PDX
JFK,LHR
JFK,MCO
JFK,SLC
JFK,ORF
JFK,PTY
JFK,MIA
JFK,SAN
JFK,LAS
JFK,SNN
JHB,SZB
JNB,LHR
JNB,PTG
JNB,PZB
JNB,PLZ
JNB,ZRH
JNB,MPM
JNB,VFA
JNB,SZK
JNB,LVI
JNB,NBO
JNB,SYD
JNB,MQP
JNB,LLW
JNB,LUN
JRO,NBO
JUB,NBO
KEF,ZRH
KEF,MSP
KEF,SEA
KEF,LHR
KEF,RDU
KEF,PIT
KGL,NBO
KHN,PEK
KHN,SHA
KIJ,PVG
KIN,LGW
KIR,LTN
KIR,STN
KIX,LAX
KIX,YYZ
KIX,SIN
KLU,PMI
KLU,VIE
KLX,LGW
KMG,SHA
KMG,PVG
KMG,PEK
KNO,KUL
KOA,SEA
KOA,PHX
KRK,PRG
KRK,WAW
KRK,VNO
KRK,SNN
KRK,STN
KRK,ZRH
KRK,OPO
KRS,OSL
KSC,STN
KSC,LTN
KTM,SIN
KTW,STN
KTW,WAW
KUL,LHR
KUL,SIN
KUL,PEN
KUL,SGN
KUL,MNL
KUL,PNH
KUN,LTN
KUN,SNN
LAD,LIS
LAS,PHL
LAS,MSP
LAS,SJC
LAS,MCO
LAS,LAX
LAS,LHR
LAX,SYD
LAX,PDX
LAX,RDU
LAX,PEK
LAX,TUS
LAX,STL
LAX,NRT
LAX,SFO
LAX,LHR
LAX,SMF
LAX,ORD
LCA,ZRH
LCA,LGW
LCA,MUC
LCA,OTP
LCA,VCE
LCA,MAN
LCA,LHR
LCA,LTN
LCG,LGW
LCG,MAD
LCJ,STN
LCY,LIN
LCY,LUX
LCY,NCE
LCY,ZRH
LDY,LHR
LEI,LPL
LEI,MAD
LEX,ORD
LFW,NDJ
LFW,NBO
LGA,ORD
LGA,SDF
LGA,PHL
LGA,MSY
LGA,MCO
LGA,YYZ
LGA,YUL
LGW,SIN
LGW,VCE
LGW,NQY
LGW,MAD
LGW,YHZ
LGW,ORK
LGW,PRG
LGW,SXB
LGW,LIS
LGW,SCQ
LGW,SZG
LGW,SKG
LGW,NAP
LGW,MLA
LGW,VLC
LGW,VIE
LGW,LIN
LGW,POS
LGW,VRN
LGW,PFO
LGW,OPO
LGW,YYT
LGW,PVG
LGW,PEK
LGW,SNN
LGW,LJU
LGW,OSL
LGW,TRN
LGW,NCE
LHR,PER
LHR,NOC
LHR,PIT
LHR,NAP
LHR,RIX
LHR,MAN
LHR,YHZ
LHR,SNN
LHR,ZAG
LHR,SAN
LHR,TLV
LHR,TPE
LHR,MCO
LHR,SYD
LHR,PHX
LHR,RMI
LHR,VIE
LHR,SOF
LHR,TBS
LHR,LOS
LHR,OSL
LHR,NBO
LHR,YVR
LHR,SKG
LHR,LIS
LHR,WUH
LHR,WAW
LHR,MLA
LHR,PRG
LHR,NCL
LHR,OTP
LHR,PDX
LHR,SCL
LHR,PEK
LHR,MAA
LHR,STR
LHR,YYZ
LHR,NCE
LHR,LJU
LHR,MIA
LHR,LUX
LHR,YYC
LHR,ORK
LHR,MAD
LHR,MSY
LHR,YUL
LHR,PVG
LHR,TLS
LHR,SIN
LHR,PEG
LHR,PHL
LHR,MEX
LHR,MUC
LHR,MCT
LHR,VLC
LHR,LYS
LHR,SFO
LHR,RUH
LHR,ORD
LHR,TIA
LHR,VCE
LHR,YOW
LHR,MBJ
LHR,ZRH
LHR,PSA
LHR,LIN
LIM,POA
LIM,MAD
LIM,VVI
LIM,YYZ
LIN,LIS
LIN,ORY
LIN,LUX
LIN,PMO
LIN,MAD
LIS,SVQ
LIS,MPL
LIS,VCP
LIS,OSL
LIS,STN
LIS,ORY
LIS,MXP
LIS,REC
LIS,OPO
LIS,PDL
LIS,SSA
LIS,MPM
LIS,YUL
LIS,PXO
LIS,MAD
LIS,PRG
LIS,POA
LIS,MUC
LIS,MAN
LIS,VIE
LIS,SID
LIS,RAI
LIS,ZRH
LIS,TER
LIT,ORD
LJU,ZRH
LJU,MUC
LLW,NBO
LLW,LUN
LOS,NBO
LPA,ORK
LPB,VVI
LPL,SNN
LPL,WAW
LPL,ORK
LPL,NOC
LTN,ORK
LTN,NAP
LTN,NCE
LTN,TLL
LTN,LUZ
LTN,SJJ
LTN,OTP
LTN,NOC
LUN,LVI
LUX,MUC
LUX,ZRH
LUX,OPO
LUX,STN
LYS,MUC
LYS,TLV
LYS,MLA
LYS,MAN
LYS,ORK
LYS,PMI
MAD,NTE
MAD,TRN
MAD,YUL
MAD,ORY
MAD,TFN
MAD,PMI
MAD,MVD
MAD,MAH
MAD,PTY
MAD,VVI
MAD,OVD
MAD,SDQ
MAD,OPO
MAD,MEX
MAD,VGO
MAD,MUC
MAD,STN
MAD,SVQ
MAD,MDE
MAD,PNA
MAD,XRY
MAD,SCQ
MAD,SCL
MAD,MLA
MAD,MAN
MAD,SAL
MAD,SFO
MAN,SKG
MAN,SNN
MAN,OPO
MAN,PEK
MAN,MLA
MAN,NCE
MAN,OSL
MAN,VIE
MAN,ORK
MBA,NBO
MCI,PHL
MCI,ORD
MCO,MIA
MCO,PVD
MCO,NAS
MCY,MEL
MDW,OMA
MEL,SIN
MEL,PER
MEL,NTL
MEL,SYD
MEL,WLG
MEM,ORD
MEX,MID
MEX,SJO
MEX,TRC
MEX,SDQ
MEX,OAX
MEX,TPA
MEX,PVR
MEX,MTY
MEX,REX
MFM,PVG
MFM,PKX
MFR,SEA
MIA,TPA
MIA,ORD
MIA,PHL
MIA,MSP
MIA,NAS
MIR,ORY
MKE,ORD
MLA,TRS
MLA,VIE
MLA,SNN
MLA,MXP
MNL,TAG
MNL,SIN
MNL,SYD
MPL,NTE
MSN,ORD
MSO,SEA
MSP,ORD
MSP,SDF
MSP,TYS
MSP,SLC
MSP,SMF
MSY,YYZ
MSY,ORD
MTY,PTY
MUC,PVG
MUC,SKG
MUC,ZRH
MUC,TIA
MUC,WRO
MUC,TRN
MUC,SOF
MUC,ZAG
MUC,ORK
MUC,STR
MUC,VIE
MUC,WAW
MUC,YYZ
MUC,TSR
MUC,SFO
MUC,PRN
MUC,RIX
MUC,TRD
MUC,POZ
MUC,PEK
MUC,SIN
MUC,NAP
MUC,RHO
MUC,OTP
MUC,OSL
MUC,PMO
MUC,TLS
MUC,NUE
MUC,RZE
MXP,TLV
MXP,SIN
MXP,ZRH
MXP,PMI
MXP,ORY
MXP,XIY
NAP,VIE
NAP,SKG
NAP,OPO
NAP,VRN
NAP,SNN
NCE,RIX
NCE,ORY
NCE,STN
NKG,PVG
NKG,PEK
NOC,STN
NRT,PEK
NRT,PVG
NRT,YVR
NRT,SGN
NRT,SIN
NUE,STN
NUE,OPO
OMR,STN
OMR,OTP
OMR,WAW
OOL,SYD
OPO,ORY
OPO,STN
OPO,ZRH
OPO,SVQ
OPO,SNN
OPO,VIE
OPO,PMI
ORD,SCE
ORD,SMF
ORD,YUL
ORD,PIT
ORD,YVR
ORD,TUS
ORD,SNA
ORD,TPA
ORD,SNN
ORD,RST
ORD,STL
ORD,SYR
ORD,SDF
ORD,SFO
ORD,WAW
ORD,YYZ
ORD,PHL
ORD,PDX
ORD,SEA
ORD,PHX
ORD,SLC
ORD,SAN
ORD,SBN
ORK,STN
ORK,STR
ORK,ZRH
ORK,TSF
ORK,TFS
ORK,VLC
ORK,SVQ
ORK,PRG
ORK,POZ
ORK,REU
ORK,PSA
ORK,VCE
ORY,PRG
ORY,PGF
ORY,OUD
ORY,OVD
ORY,VLC
ORY,VIE
OSI,ZAG
OSL,VIE
OSL,RIX
OSL,STN
OSL,TOS
OSL,PRG
OSL,VNO
OSL,WAW
OSL,TRD
OSL,TLL
OSL,SVG
OTP,STN
OTP,RMO
OTP,PSR
OVD,PMI
OVD,STN
PDL,STN
PDX,SEA
PEG,PMO
PEK,TFU
PEK,SIN
PEK,XIY
PEK,VIE
PEK,SHA
PEK,TPE
PEK,SZX
PEK,PVG
PEK,WUH
PEK,XMN
PEK,TAO
PEN,SIN
PER,SYD
PFO,STN
PHL,PIT
PHL,SYR
PHL,PVD
PHL,SDF
PHL,RDU
PHL,SAN
PHL,SJU
PHL,SFO
PHL,PHX
PHL,TYS
PHL,YYZ
PHX,SJC
PHX,SFO
PKX,WUH
PKX,XIY
PLQ,RIX
PMC,SCL
PMI,SNN
PMI,ZRH
PMO,STN
PNH,SIN
POZ,STN
PRG,SOF
PRG,ZRH
PRG,STN
PRG,WAW
PRG,TSF
PRN,ZRH
PRN,SAW
PRN,VIE
PSA,STN
PSP,SFO
PSR,STN
PTY,SAL
PTY,XPL
PUJ,YYZ
PUQ,SCL
PVG,SZX
PVG,ZRH
PVG,SYD
PVG,XIY
PVG,TAO
PVG,WUH
PVG,SHE
PVG,TPE
PVG,SIN
RAK,STN
RDU,YYZ
REC,SSA
REG,STN
REU,SNN
RIX,TAS
RIX,TMP
RIX,VNO
RIX,TKU
RIX,VIE
RIX,STN
RIX,TLL
RMI,STN
RMO,WAW
RMO,VIE
RMU,STN
RNO,SFO
RZE,WAW
RZE,STN
SAI,SGN
SAN,YYZ
SAN,SFO
SAN,YYC
SAW,TIA
SAW,SHJ
SAW,STN
SAW,TBZ
SAW,SKP
SAW,TBS
SBA,SFO
SCL,ZCO
SCQ,STN
SDR,STN
SEA,SMF
SEA,YYJ
SEA,SFO
SEA,YVR
SEA,SJC
SEA,SLC
SEA,YYZ
SFO,SLC
SFO,YVR
SFO,YYZ
SFO,SNA
SGN,SIN
SGN,SYD
SIN,TAO
SIN,ZRH
SIN,SYD
SJC,SNA
SJC,SLC
SJJ,ZRH
SJJ,ZAG
SJJ,STN
SJJ,VIE
SJO,YYZ
SKG,STN
SKG,ZRH
SKP,ZAG
SNN,WRO
SNN,TFS
SNN,STN
SOF,VAR
SOF,STN
SRE,VVI
STN,TRS
STN,VIE
STN,VGO
STN,VLC
STN,WRO
STN,VCE
STN,SZZ
STN,VRN
STN,TLS
STN,WMI
STN,ZAG
STN,TRF
STN,TRN
STN,TLL
SUF,VRN
SVQ,ZRH
SVQ,VIE
SYD,YVR
SYD,ZQN
SYD,WLG
TGD,VIE
TIA,ZRH
TLL,WAW
TLL,ZRH
TLV,ZRH
TOS,ZRH
TPE,YVR
TSF,VLC
VAR,VIE
VCE,ZRH
VIE,ZRH
VLC,WAW
VNO,WAW
WAW,ZRH
WAW,YYZ
YEG,YYZ
YEG,YHZ
YFC,YYZ
YHZ,YYT
YHZ,YYZ
YOW,YTZ
YOW,YUL
YOW,YYZ
YQB,YUL
YQB,YYZ
YQM,YYZ
YQR,YVR
YQR,YYZ
YTZ,YUL
YUL,YYZ
YUL,YVR
YVR,YYC
YVR,YXS
YVR,YYZ
YVR,YYJ
YXE,YYC
YXU,YYZ
YYC,YYZ
YYJ,YYZ
YYT,YYZ
ZDJ,ZRH
